Workbook

Sheet Readme
A1: ReBuild research workbook | B1: แบบฟอร์มว่าง ไม่มีผลสมมติ
A2: Version | B2: 5125774 / 3 October 2026
A3: Privacy | B3: เก็บคำตอบจริงไว้ส่วนตัว ไม่ส่งรายชื่อ อีเมล หรือข้อมูลดิบขึ้น GitHub
A4: Participants | B4: หนึ่งแถวต่อคน ใช้รหัส P001 เป็นต้น ตัวอย่างรหัสไม่ใช่ผู้เข้าร่วมจริง
A5: phase | B5: pilot=นำร่อง / main=เก็บจริง สูตรสรุปใช้ main เท่านั้น
A6: Tasks | B6: หนึ่งแถวต่อรหัส+phase+task ห้ามซ้ำ; T1,T2,T3,T4 ตามเอกสาร
A7: status | B7: 2=สำเร็จเอง; 1=สำเร็จเมื่อช่วย; 0=ไม่สำเร็จ; withdrawn=ถอนตัว; not_run=ยังไม่ทำ
A8: seconds | B8: วินาทีจริง ห้ามแทนช่องว่างด้วย 0; บันทึกหมดเวลาตามจริง
A9: Survey | B9: Q1-Q8 1-5; ช่องว่างคือไม่ได้ตอบ ไม่ใช่ 0
A10: Summary | B10: สรุปอัตราสำเร็จและเวลาเฉลี่ยของผู้สำเร็จเอง แสดง n; ข้อมูลซ้ำจะทำให้ผลผิด ต้องตรวจรหัสก่อน
A11: Questionnaire | B11: ผู้วิจัยสร้างเอง ไม่ใช่ SUS; ค่าเฉลี่ยรวมไม่ใช่คะแนนมาตรฐาน
A12: Comparison | B12: ทางเลือกเท่านั้น หนึ่งคนสองแถว W/P; score 0-4; ควบคุมโครงงานและสลับลำดับ
... A17: Consent | B17: ถอนตัวได้ตามแผนโรงเรียน ไม่บังคับใช้บัญชีในการทดสอบหลัก

Sheet Participants
A1: participant_id | B1: phase | C1: consent_yes_no | D1: study_date | E1: device | F1: browser | G1: language | H1: diy_experience | I1: app_commit | J1: cold_start_seconds | K1: notes

Sheet Tasks
A1: participant_id | B1: phase | C1: task_id | D1: status | E1: seconds | F1: hints | G1: error_count | H1: observed_answer_or_issue

Sheet Survey
A1: participant_id | B1: phase | C1: Q1 | D1: Q2 | E1: Q3 | F1: Q4 | G1: Q5 | H1: Q6 | I1: Q7 | J1: Q8 | K1: confusing | L1: improve_first | M1: most_useful | N1: complete_main_mean
N2: =IF(AND(B2="main",COUNT(C2:J2)=8),AVERAGE(C2:J2),"")
N3: =IF(AND(B3="main",COUNT(C3:J3)=8),AVERAGE(C3:J3),"")
N4: =IF(AND(B4="main",COUNT(C4:J4)=8),AVERAGE(C4:J4),"")
N5: =IF(AND(B5="main",COUNT(C5:J5)=8),AVERAGE(C5:J5),"")
N6: =IF(AND(B6="main",COUNT(C6:J6)=8),AVERAGE(C6:J6),"")
N7: =IF(AND(B7="main",COUNT(C7:J7)=8),AVERAGE(C7:J7),"")
N8: =IF(AND(B8="main",COUNT(C8:J8)=8),AVERAGE(C8:J8),"")
N9: =IF(AND(B9="main",COUNT(C9:J9)=8),AVERAGE(C9:J9),"")
N10: =IF(AND(B10="main",COUNT(C10:J10)=8),AVERAGE(C10:J10),"")
N11: =IF(AND(B11="main",COUNT(C11:J11)=8),AVERAGE(C11:J11),"")
N12: =IF(AND(B12="main",COUNT(C12:J12)=8),AVERAGE(C12:J12),"")
N13: =IF(AND(B13="main",COUNT(C13:J13)=8),AVERAGE(C13:J13),"")
... N61: =IF(AND(B61="main",COUNT(C61:J61)=8),AVERAGE(C61:J61),"")

Sheet Comparison
A1: participant_id | B1: phase | C1: sequence | D1: round | E1: method_W_P | F1: project_A_B | G1: score_0_4 | H1: seconds | I1: timed_out_yes_no | J1: actual_answers | K1: notes

Sheet Summary
A1: ภารกิจ | B1: n ทดลองจริง | C1: สำเร็จเอง | D1: สำเร็จเมื่อช่วย | E1: ไม่สำเร็จ | F1: อัตราสำเร็จเอง | G1: อัตรารวมช่วย | H1: วินาทีเฉลี่ย (สำเร็จเอง) | I1: ถอนตัว
A2: T1 | B2: =SUM(C2:E2) -> 0 | C2: =COUNTIFS(Tasks!$B$2:$B$241,"main",Tasks!$C$2:$C$241,A2,Tasks!$D$2:$D$241,"<>",Tasks!$D$2:$D$241,2) -> 0 | D2: =COUNTIFS(Tasks!$B$2:$B$241,"main",Tasks!$C$2:$C$241,A2,Tasks!$D$2:$D$241,"<>",Tasks!$D$2:$D$241,1) -> 0 | E2: =COUNTIFS(Tasks!$B$2:$B$241,"main",Tasks!$C$2:$C$241,A2,Tasks!$D$2:$D$241,"<>",Tasks!$D$2:$D$241,0) -> 0 | F2: =IF(B2=0,"",C2/B2) | G2: =IF(B2=0,"",(C2+D2)/B2) | H2: =IFERROR(AVERAGEIFS(Tasks!$E$2:$E$241,Tasks!$B$2:$B$241,"main",Tasks!$C$2:$C$241,A2,Tasks!$D$2:$D$241,2,Tasks!$E$2:$E$241,">=0"),"") | I2: =COUNTIFS(Tasks!$B$2:$B$241,"main",Tasks!$C$2:$C$241,A2,Tasks!$D$2:$D$241,"<>",Tasks!$D$2:$D$241,"withdrawn") -> 0
A3: T2 | B3: =SUM(C3:E3) -> 0 | C3: =COUNTIFS(Tasks!$B$2:$B$241,"main",Tasks!$C$2:$C$241,A3,Tasks!$D$2:$D$241,"<>",Tasks!$D$2:$D$241,2) -> 0 | D3: =COUNTIFS(Tasks!$B$2:$B$241,"main",Tasks!$C$2:$C$241,A3,Tasks!$D$2:$D$241,"<>",Tasks!$D$2:$D$241,1) -> 0 | E3: =COUNTIFS(Tasks!$B$2:$B$241,"main",Tasks!$C$2:$C$241,A3,Tasks!$D$2:$D$241,"<>",Tasks!$D$2:$D$241,0) -> 0 | F3: =IF(B3=0,"",C3/B3) | G3: =IF(B3=0,"",(C3+D3)/B3) | H3: =IFERROR(AVERAGEIFS(Tasks!$E$2:$E$241,Tasks!$B$2:$B$241,"main",Tasks!$C$2:$C$241,A3,Tasks!$D$2:$D$241,2,Tasks!$E$2:$E$241,">=0"),"") | I3: =COUNTIFS(Tasks!$B$2:$B$241,"main",Tasks!$C$2:$C$241,A3,Tasks!$D$2:$D$241,"<>",Tasks!$D$2:$D$241,"withdrawn") -> 0
A4: T3 | B4: =SUM(C4:E4) -> 0 | C4: =COUNTIFS(Tasks!$B$2:$B$241,"main",Tasks!$C$2:$C$241,A4,Tasks!$D$2:$D$241,"<>",Tasks!$D$2:$D$241,2) -> 0 | D4: =COUNTIFS(Tasks!$B$2:$B$241,"main",Tasks!$C$2:$C$241,A4,Tasks!$D$2:$D$241,"<>",Tasks!$D$2:$D$241,1) -> 0 | E4: =COUNTIFS(Tasks!$B$2:$B$241,"main",Tasks!$C$2:$C$241,A4,Tasks!$D$2:$D$241,"<>",Tasks!$D$2:$D$241,0) -> 0 | F4: =IF(B4=0,"",C4/B4) | G4: =IF(B4=0,"",(C4+D4)/B4) | H4: =IFERROR(AVERAGEIFS(Tasks!$E$2:$E$241,Tasks!$B$2:$B$241,"main",Tasks!$C$2:$C$241,A4,Tasks!$D$2:$D$241,2,Tasks!$E$2:$E$241,">=0"),"") | I4: =COUNTIFS(Tasks!$B$2:$B$241,"main",Tasks!$C$2:$C$241,A4,Tasks!$D$2:$D$241,"<>",Tasks!$D$2:$D$241,"withdrawn") -> 0
A5: T4 | B5: =SUM(C5:E5) -> 0 | C5: =COUNTIFS(Tasks!$B$2:$B$241,"main",Tasks!$C$2:$C$241,A5,Tasks!$D$2:$D$241,"<>",Tasks!$D$2:$D$241,2) -> 0 | D5: =COUNTIFS(Tasks!$B$2:$B$241,"main",Tasks!$C$2:$C$241,A5,Tasks!$D$2:$D$241,"<>",Tasks!$D$2:$D$241,1) -> 0 | E5: =COUNTIFS(Tasks!$B$2:$B$241,"main",Tasks!$C$2:$C$241,A5,Tasks!$D$2:$D$241,"<>",Tasks!$D$2:$D$241,0) -> 0 | F5: =IF(B5=0,"",C5/B5) | G5: =IF(B5=0,"",(C5+D5)/B5) | H5: =IFERROR(AVERAGEIFS(Tasks!$E$2:$E$241,Tasks!$B$2:$B$241,"main",Tasks!$C$2:$C$241,A5,Tasks!$D$2:$D$241,2,Tasks!$E$2:$E$241,">=0"),"") | I5: =COUNTIFS(Tasks!$B$2:$B$241,"main",Tasks!$C$2:$C$241,A5,Tasks!$D$2:$D$241,"<>",Tasks!$D$2:$D$241,"withdrawn") -> 0
A7: ข้อคำถาม | B7: n ตอบจริง | C7: ค่าเฉลี่ย | D7: SD ตัวอย่าง | E7: คะแนน 1 | F7: คะแนน 2 | G7: คะแนน 3 | H7: คะแนน 4 | I7: คะแนน 5
A8: Q1 | B8: =COUNTIFS(Survey!$B$2:$B$61,"main",Survey!$C$2:$C$61,">=1",Survey!$C$2:$C$61,"<=5") -> 0 | C8: =IFERROR(AVERAGEIFS(Survey!$C$2:$C$61,Survey!$B$2:$B$61,"main",Survey!$C$2:$C$61,">=1",Survey!$C$2:$C$61,"<=5"),"") | D8: =IF(B8<2,"",SQRT(MAX(0,(SUMPRODUCT(--(Survey!$B$2:$B$61="main"),Survey!$C$2:$C$61,Survey!$C$2:$C$61)-SUMIF(Survey!$B$2:$B$61,"main",Survey!$C$2:$C$61)^2/B8)/(B8-1)))) | E8: =COUNTIFS(Survey!$B$2:$B$61,"main",Survey!$C$2:$C$61,1) -> 0 | F8: =COUNTIFS(Survey!$B$2:$B$61,"main",Survey!$C$2:$C$61,2) -> 0 | G8: =COUNTIFS(Survey!$B$2:$B$61,"main",Survey!$C$2:$C$61,3) -> 0 | H8: =COUNTIFS(Survey!$B$2:$B$61,"main",Survey!$C$2:$C$61,4) -> 0 | I8: =COUNTIFS(Survey!$B$2:$B$61,"main",Survey!$C$2:$C$61,5) -> 0
A9: Q2 | B9: =COUNTIFS(Survey!$B$2:$B$61,"main",Survey!$D$2:$D$61,">=1",Survey!$D$2:$D$61,"<=5") -> 0 | C9: =IFERROR(AVERAGEIFS(Survey!$D$2:$D$61,Survey!$B$2:$B$61,"main",Survey!$D$2:$D$61,">=1",Survey!$D$2:$D$61,"<=5"),"") | D9: =IF(B9<2,"",SQRT(MAX(0,(SUMPRODUCT(--(Survey!$B$2:$B$61="main"),Survey!$D$2:$D$61,Survey!$D$2:$D$61)-SUMIF(Survey!$B$2:$B$61,"main",Survey!$D$2:$D$61)^2/B9)/(B9-1)))) | E9: =COUNTIFS(Survey!$B$2:$B$61,"main",Survey!$D$2:$D$61,1) -> 0 | F9: =COUNTIFS(Survey!$B$2:$B$61,"main",Survey!$D$2:$D$61,2) -> 0 | G9: =COUNTIFS(Survey!$B$2:$B$61,"main",Survey!$D$2:$D$61,3) -> 0 | H9: =COUNTIFS(Survey!$B$2:$B$61,"main",Survey!$D$2:$D$61,4) -> 0 | I9: =COUNTIFS(Survey!$B$2:$B$61,"main",Survey!$D$2:$D$61,5) -> 0
A10: Q3 | B10: =COUNTIFS(Survey!$B$2:$B$61,"main",Survey!$E$2:$E$61,">=1",Survey!$E$2:$E$61,"<=5") -> 0 | C10: =IFERROR(AVERAGEIFS(Survey!$E$2:$E$61,Survey!$B$2:$B$61,"main",Survey!$E$2:$E$61,">=1",Survey!$E$2:$E$61,"<=5"),"") | D10: =IF(B10<2,"",SQRT(MAX(0,(SUMPRODUCT(--(Survey!$B$2:$B$61="main"),Survey!$E$2:$E$61,Survey!$E$2:$E$61)-SUMIF(Survey!$B$2:$B$61,"main",Survey!$E$2:$E$61)^2/B10)/(B10-1)))) | E10: =COUNTIFS(Survey!$B$2:$B$61,"main",Survey!$E$2:$E$61,1) -> 0 | F10: =COUNTIFS(Survey!$B$2:$B$61,"main",Survey!$E$2:$E$61,2) -> 0 | G10: =COUNTIFS(Survey!$B$2:$B$61,"main",Survey!$E$2:$E$61,3) -> 0 | H10: =COUNTIFS(Survey!$B$2:$B$61,"main",Survey!$E$2:$E$61,4) -> 0 | I10: =COUNTIFS(Survey!$B$2:$B$61,"main",Survey!$E$2:$E$61,5) -> 0
A11: Q4 | B11: =COUNTIFS(Survey!$B$2:$B$61,"main",Survey!$F$2:$F$61,">=1",Survey!$F$2:$F$61,"<=5") -> 0 | C11: =IFERROR(AVERAGEIFS(Survey!$F$2:$F$61,Survey!$B$2:$B$61,"main",Survey!$F$2:$F$61,">=1",Survey!$F$2:$F$61,"<=5"),"") | D11: =IF(B11<2,"",SQRT(MAX(0,(SUMPRODUCT(--(Survey!$B$2:$B$61="main"),Survey!$F$2:$F$61,Survey!$F$2:$F$61)-SUMIF(Survey!$B$2:$B$61,"main",Survey!$F$2:$F$61)^2/B11)/(B11-1)))) | E11: =COUNTIFS(Survey!$B$2:$B$61,"main",Survey!$F$2:$F$61,1) -> 0 | F11: =COUNTIFS(Survey!$B$2:$B$61,"main",Survey!$F$2:$F$61,2) -> 0 | G11: =COUNTIFS(Survey!$B$2:$B$61,"main",Survey!$F$2:$F$61,3) -> 0 | H11: =COUNTIFS(Survey!$B$2:$B$61,"main",Survey!$F$2:$F$61,4) -> 0 | I11: =COUNTIFS(Survey!$B$2:$B$61,"main",Survey!$F$2:$F$61,5) -> 0
A12: Q5 | B12: =COUNTIFS(Survey!$B$2:$B$61,"main",Survey!$G$2:$G$61,">=1",Survey!$G$2:$G$61,"<=5") -> 0 | C12: =IFERROR(AVERAGEIFS(Survey!$G$2:$G$61,Survey!$B$2:$B$61,"main",Survey!$G$2:$G$61,">=1",Survey!$G$2:$G$61,"<=5"),"") | D12: =IF(B12<2,"",SQRT(MAX(0,(SUMPRODUCT(--(Survey!$B$2:$B$61="main"),Survey!$G$2:$G$61,Survey!$G$2:$G$61)-SUMIF(Survey!$B$2:$B$61,"main",Survey!$G$2:$G$61)^2/B12)/(B12-1)))) | E12: =COUNTIFS(Survey!$B$2:$B$61,"main",Survey!$G$2:$G$61,1) -> 0 | F12: =COUNTIFS(Survey!$B$2:$B$61,"main",Survey!$G$2:$G$61,2) -> 0 | G12: =COUNTIFS(Survey!$B$2:$B$61,"main",Survey!$G$2:$G$61,3) -> 0 | H12: =COUNTIFS(Survey!$B$2:$B$61,"main",Survey!$G$2:$G$61,4) -> 0 | I12: =COUNTIFS(Survey!$B$2:$B$61,"main",Survey!$G$2:$G$61,5) -> 0
A13: Q6 | B13: =COUNTIFS(Survey!$B$2:$B$61,"main",Survey!$H$2:$H$61,">=1",Survey!$H$2:$H$61,"<=5") -> 0 | C13: =IFERROR(AVERAGEIFS(Survey!$H$2:$H$61,Survey!$B$2:$B$61,"main",Survey!$H$2:$H$61,">=1",Survey!$H$2:$H$61,"<=5"),"") | D13: =IF(B13<2,"",SQRT(MAX(0,(SUMPRODUCT(--(Survey!$B$2:$B$61="main"),Survey!$H$2:$H$61,Survey!$H$2:$H$61)-SUMIF(Survey!$B$2:$B$61,"main",Survey!$H$2:$H$61)^2/B13)/(B13-1)))) | E13: =COUNTIFS(Survey!$B$2:$B$61,"main",Survey!$H$2:$H$61,1) -> 0 | F13: =COUNTIFS(Survey!$B$2:$B$61,"main",Survey!$H$2:$H$61,2) -> 0 | G13: =COUNTIFS(Survey!$B$2:$B$61,"main",Survey!$H$2:$H$61,3) -> 0 | H13: =COUNTIFS(Survey!$B$2:$B$61,"main",Survey!$H$2:$H$61,4) -> 0 | I13: =COUNTIFS(Survey!$B$2:$B$61,"main",Survey!$H$2:$H$61,5) -> 0
A14: Q7 | B14: =COUNTIFS(Survey!$B$2:$B$61,"main",Survey!$I$2:$I$61,">=1",Survey!$I$2:$I$61,"<=5") -> 0 | C14: =IFERROR(AVERAGEIFS(Survey!$I$2:$I$61,Survey!$B$2:$B$61,"main",Survey!$I$2:$I$61,">=1",Survey!$I$2:$I$61,"<=5"),"") | D14: =IF(B14<2,"",SQRT(MAX(0,(SUMPRODUCT(--(Survey!$B$2:$B$61="main"),Survey!$I$2:$I$61,Survey!$I$2:$I$61)-SUMIF(Survey!$B$2:$B$61,"main",Survey!$I$2:$I$61)^2/B14)/(B14-1)))) | E14: =COUNTIFS(Survey!$B$2:$B$61,"main",Survey!$I$2:$I$61,1) -> 0 | F14: =COUNTIFS(Survey!$B$2:$B$61,"main",Survey!$I$2:$I$61,2) -> 0 | G14: =COUNTIFS(Survey!$B$2:$B$61,"main",Survey!$I$2:$I$61,3) -> 0 | H14: =COUNTIFS(Survey!$B$2:$B$61,"main",Survey!$I$2:$I$61,4) -> 0 | I14: =COUNTIFS(Survey!$B$2:$B$61,"main",Survey!$I$2:$I$61,5) -> 0
A15: Q8 | B15: =COUNTIFS(Survey!$B$2:$B$61,"main",Survey!$J$2:$J$61,">=1",Survey!$J$2:$J$61,"<=5") -> 0 | C15: =IFERROR(AVERAGEIFS(Survey!$J$2:$J$61,Survey!$B$2:$B$61,"main",Survey!$J$2:$J$61,">=1",Survey!$J$2:$J$61,"<=5"),"") | D15: =IF(B15<2,"",SQRT(MAX(0,(SUMPRODUCT(--(Survey!$B$2:$B$61="main"),Survey!$J$2:$J$61,Survey!$J$2:$J$61)-SUMIF(Survey!$B$2:$B$61,"main",Survey!$J$2:$J$61)^2/B15)/(B15-1)))) | E15: =COUNTIFS(Survey!$B$2:$B$61,"main",Survey!$J$2:$J$61,1) -> 0 | F15: =COUNTIFS(Survey!$B$2:$B$61,"main",Survey!$J$2:$J$61,2) -> 0 | G15: =COUNTIFS(Survey!$B$2:$B$61,"main",Survey!$J$2:$J$61,3) -> 0 | H15: =COUNTIFS(Survey!$B$2:$B$61,"main",Survey!$J$2:$J$61,4) -> 0 | I15: =COUNTIFS(Survey!$B$2:$B$61,"main",Survey!$J$2:$J$61,5) -> 0
A18: ค่าเฉลี่ยรวม 8 ข้อ (ครบเท่านั้น) | B18: =COUNT(Survey!N2:N61) -> 0 | C18: =IFERROR(AVERAGE(Survey!N2:N61),"") | D18: =IFERROR(STDEV(Survey!N2:N61),"")
A20: สำเร็จเอง n = คอลัมน์ C; เวลาเฉลี่ยอาจมี n น้อยกว่าหากลืมกรอกเวลา ต้องตรวจความครบถ้วน
A21: อย่ารวม 4 ภารกิจเป็น 4 คน; อย่าตีความค่าเฉลี่ย Likert ว่าเป็นร้อยละความแม่นยำ
